,event_type,system_time,clock_time,message_queue_length
0,receive,1524096896,0,0
1,internal,1694955436,3,0
2,receive,1868291174,4,0
3,internal,2038698524,9,0
4,internal,2211878461,10,0
5,receive,2386580027,11,0
6,receive,2560341579,12,0
7,internal,2732465056,13,0
8,sendboth,2925147408,14,0
9,send1,3096726999,15,0
10,internal,3265181861,16,0
11,internal,3436775992,17,0
12,receive,3609199583,18,0
13,internal,3784959357,20,0
14,sendboth,3956087341,21,0
15,internal,4128331547,22,0
16,internal,4299360495,23,0
17,internal,4468415617,24,0
18,internal,4637739042,25,0
19,internal,4809718450,26,0
20,internal,4982930882,27,0
21,internal,5153204827,28,0
22,send1,5322316489,29,0
23,sendboth,5494909387,30,0
24,internal,5667985984,31,0
25,internal,5840995322,32,0
26,sendboth,6011839999,33,0
27,internal,6184626166,34,0
28,internal,6354986686,35,0
29,receive,6528441685,36,0
30,send1,6701070377,38,0
31,internal,6870055972,39,0
32,internal,7038336220,40,0
33,internal,7211843452,41,0
34,internal,7383806331,42,0
35,internal,7555475498,43,0
36,send1,7728355075,44,0
37,internal,7899822950,45,0
38,internal,8072821910,46,0
39,internal,8246073434,47,0
40,receive,8416568904,48,0
41,internal,8588541454,49,0
42,internal,8761852451,50,0
43,sendboth,8934280146,51,0
44,send2,9103904022,52,0
45,send1,9274474023,53,0
46,internal,9447085754,54,0
47,send2,9616776951,55,0
48,send2,9787668992,56,0
49,send2,9957509978,57,0
50,internal,10130795287,58,0
51,receive,10304574738,59,0
52,internal,10476549624,60,0
53,receive,10649205099,61,0
54,internal,10822556158,62,0
55,internal,10994152266,63,0
56,internal,11166206036,64,0
57,internal,11338412653,65,0
58,internal,11511840822,66,0
59,internal,11707955640,67,0
60,internal,11881733685,68,0
61,receive,12054368884,69,0
62,internal,12224164051,70,0
63,internal,12396070021,71,0
64,sendboth,12568390291,72,0
65,internal,12740704469,73,0
66,receive,12912824890,74,0
67,receive,13085326512,76,0
68,internal,13255942275,77,0
69,internal,13428368979,78,0
70,send1,13598688276,79,0
71,sendboth,13768236387,80,0
72,send1,13941066559,81,0
73,internal,14111850988,82,0
74,receive,14284843620,83,0
75,internal,14456800015,85,0
76,internal,14628358643,86,0
77,internal,14799762604,87,0
78,internal,14970545008,88,0
79,receive,15141328401,89,0
80,send1,15311896339,90,0
81,send2,15484139909,91,0
82,internal,15652754513,92,0
83,internal,15825046969,93,0
84,internal,15999418162,94,0
85,internal,16173796336,95,0
86,receive,16346443822,96,0
87,internal,16518583782,97,0
88,internal,16691321680,98,0
89,send2,16864605011,99,0
90,internal,17035414452,100,0
91,internal,17204533852,101,0
92,sendboth,17376397530,102,0
93,send2,17548943703,103,0
94,internal,17721947978,104,0
95,receive,17894957850,105,0
96,receive,18065715468,106,0
97,receive,18236324716,107,0
98,internal,18407911361,108,0
99,send2,18580041792,109,0
100,internal,18753278198,110,0
101,internal,18926477304,111,0
102,send1,19098055829,112,0
103,send2,19271322781,113,0
104,sendboth,19444930711,114,0
105,internal,19615469900,115,0
106,internal,19788662671,116,0
107,internal,19961901726,117,0
108,send1,20131749916,118,0
109,send2,20304000905,119,0
110,sendboth,20476170867,120,0
111,send2,20647767388,121,0
112,send2,20818471100,122,0
113,internal,20989178939,123,0
114,internal,21162185129,124,0
115,internal,21335821394,125,0
116,send1,21509278588,126,0
117,internal,21681778424,127,0
118,send1,21853680171,128,0
119,internal,22027372301,129,0
120,internal,22200897654,130,0
121,internal,22372186131,131,0
122,internal,22544875493,132,0
123,internal,22713162246,133,0
124,internal,22884046202,134,0
125,internal,23056226932,135,0
126,receive,23228350628,136,0
127,sendboth,23399088545,137,0
128,internal,23572526530,138,0
129,send1,23744808661,139,0
130,internal,23915236026,140,0
131,receive,24087349392,141,0
132,internal,24256004686,143,0
133,receive,24428388944,144,0
134,sendboth,24598583032,145,0
135,internal,24771058911,146,0
136,internal,24943153614,147,0
137,internal,25114499417,148,0
138,internal,25286876525,149,0
139,sendboth,25458565345,150,0
140,internal,25630909668,151,0
141,internal,25804877281,152,0
142,internal,25978162954,153,0
143,receive,26147427417,154,0
144,internal,26319602799,156,0
145,sendboth,26491334334,157,0
146,internal,26664230813,158,0
147,receive,26837273295,159,0
148,send1,27011213787,161,0
149,internal,27185135552,162,0
150,send2,27356422811,163,0
151,internal,27528571906,164,0
152,internal,27702477659,165,0
153,internal,27871443367,166,0
154,internal,28044817025,167,0
155,sendboth,28215316159,168,0
156,internal,28388874619,169,0
157,internal,28561837758,170,0
158,internal,28731966716,171,0
159,internal,28903740186,172,0
160,receive,29074673937,173,0
161,send2,29244172448,174,0
162,receive,29416462702,175,0
163,internal,29588226824,176,0
164,internal,29757507117,177,0
165,internal,29931013350,178,0
166,receive,30103105451,179,0
167,internal,30276677214,180,0
168,internal,30445212588,181,0
169,internal,30617298455,182,0
170,receive,30788257819,183,0
171,internal,30960249568,184,0
172,internal,31132021003,185,0
173,internal,31303156441,186,0
174,sendboth,31471898966,187,0
175,internal,31646070907,188,0
176,sendboth,31818141382,189,0
177,internal,31992103233,190,0
178,receive,32163222824,191,0
179,send2,32331673358,193,0
180,internal,32504538417,194,0
181,internal,32678025816,195,0
182,send2,32851493750,196,0
183,sendboth,33023932557,197,0
184,internal,33195406185,198,0
185,internal,33363948639,199,0
186,send2,33537828789,200,0
187,internal,33712387059,201,0
188,internal,33881410591,202,0
189,receive,34050024467,203,0
190,receive,34223197684,204,0
191,internal,34394655324,205,0
192,send1,34564185364,206,0
193,send2,34737079812,207,0
194,internal,34910071530,208,0
195,internal,35080703073,209,0
196,receive,35252139567,210,0
197,internal,35421955460,211,0
198,receive,35594708844,212,0
199,internal,35767986208,213,0
200,receive,35940194378,214,0
201,internal,36112804946,215,0
202,receive,36284052458,216,0
203,receive,36457365290,217,0
204,receive,36628327313,218,0
205,receive,36799625409,219,0
206,internal,36968414697,220,0
207,internal,37140859754,221,0
208,internal,37312216045,222,0
209,internal,37482215773,223,0
210,send2,37650903924,224,0
211,internal,37823959440,225,0
212,internal,37995633968,226,0
213,internal,38167177707,227,0
214,receive,38339420500,228,0
215,receive,38513433948,229,0
216,internal,38687615595,230,0
217,internal,38861242478,231,0
218,internal,39032031850,232,0
219,receive,39204495702,233,0
220,internal,39376605420,234,0
221,internal,39546679985,235,0
222,internal,39719643423,236,0
223,send2,39894686693,237,0
224,internal,40067191595,238,0
225,receive,40242639449,239,0
226,internal,40414728227,240,0
227,receive,40588650834,241,0
228,internal,40761865749,242,0
229,send1,40934769199,243,0
230,internal,41106629208,244,0
231,send2,41280018575,245,0
232,receive,41454012627,246,0
233,receive,41623659443,247,0
234,internal,41797611963,248,0
235,internal,41965914539,249,0
236,receive,42134393237,250,0
237,send1,42306459591,251,0
238,internal,42478363582,252,0
239,internal,42650956971,253,0
240,internal,42824692544,254,0
241,internal,42996196042,255,0
242,internal,43170261199,256,0
243,internal,43342083977,257,0
244,send1,43515125245,258,0
245,internal,43686838176,259,0
246,internal,43857112341,260,0
247,internal,44030771302,261,0
248,internal,44203857344,262,0
249,internal,44375807951,263,0
250,receive,44547290525,264,0
251,send2,44720083398,265,0
252,internal,44894570737,266,0
253,internal,45065740271,267,0
254,receive,45237499349,268,0
255,internal,45407233779,269,0
256,send1,45578706574,270,0
257,sendboth,45749475129,271,0
258,internal,45921694427,272,0
259,send1,46094507527,273,0
260,internal,46265442569,274,0
261,send1,46436525318,275,0
262,internal,46610039803,276,0
263,internal,46782034492,277,0
264,internal,46954286493,278,0
265,internal,47127832814,279,0
266,sendboth,47297352712,280,0
267,sendboth,47469222435,281,0
268,send1,47641196507,282,0
269,internal,47811944616,283,0
270,internal,47982326100,284,0
271,internal,48153321059,285,0
272,internal,48325625266,286,0
273,receive,48497953041,287,0
274,internal,48668997344,288,0
275,internal,48841696650,289,0
276,send2,49012136104,290,0
277,receive,49182271648,291,0
278,internal,49353966000,292,0
279,internal,49524410984,293,0
280,internal,49695302797,294,0
281,internal,49866227932,295,0
282,receive,50039730016,296,0
283,internal,50211883248,297,0
284,internal,50380827536,298,0
285,send2,50553490829,299,0
286,send1,50726755554,300,0
287,internal,50899800050,301,0
288,internal,51071322930,302,0
289,send1,51240726807,303,0
290,internal,51414043855,304,0
291,internal,51586081133,305,0
292,sendboth,51758829972,306,0
293,internal,51930001099,307,0
294,internal,52102519420,308,0
295,receive,52271297565,309,0
296,internal,52444441982,311,0
297,internal,52614585623,312,0
298,internal,52786143717,313,0
299,internal,52956768132,314,0
300,internal,53129519958,315,0
301,receive,53298235471,316,0
302,internal,53471273568,317,0
303,receive,53644443759,318,0
304,internal,53815368586,319,0
305,internal,53988752470,320,0
306,internal,54162823361,321,0
307,send1,54335205286,322,0
308,internal,54506470959,323,0
309,internal,54679284119,324,0
310,receive,54850984734,325,0
311,internal,55021952428,326,0
312,internal,55195677642,327,0
313,send2,55368113685,328,0
314,internal,55537983464,329,0
315,send1,55707038028,330,0
316,sendboth,55879079287,331,0
317,internal,56052373882,332,0
318,send2,56221007383,333,0
319,internal,56394355534,334,0
320,receive,56567306110,335,0
321,internal,56737915860,336,0
322,internal,56907839822,337,0
323,internal,57079007692,338,0
324,receive,57250207393,339,0
325,send2,57424232112,340,0
326,internal,57595534413,341,0
327,internal,57766952819,342,0
328,sendboth,57938865090,343,0
329,send1,58112811887,344,0
330,send1,58283102751,345,0
331,internal,58453298416,346,0
332,internal,58627013941,347,0
333,internal,58797513733,348,0
334,send2,58969303659,349,0
335,receive,59139473837,350,0
336,sendboth,59312502072,351,0
337,sendboth,59482138991,352,0
338,send1,59654624658,353,0
339,internal,59832622130,354,0
340,sendboth,60001593503,355,0
341,internal,60174512019,356,0
342,internal,60346787004,357,0
343,internal,60521008478,358,0
344,receive,60692623715,359,0
345,internal,60865620895,360,0
346,internal,61037641335,361,0
347,send2,61211847711,362,0
348,internal,61385171761,363,0
349,send2,61554171112,364,0
350,internal,61728334767,365,0
351,send2,61901528766,366,0
352,send1,62073951525,367,0
353,sendboth,62244332026,368,0
354,internal,62416846499,369,0
355,internal,62590330522,370,0
356,receive,62762778295,371,0
357,internal,62931343928,372,0
358,sendboth,63101405307,373,0
359,internal,63272959565,374,0
360,internal,63444497141,375,0
361,internal,63616838235,376,0
362,internal,63788635181,377,0
363,internal,63961869479,378,0
364,sendboth,64130891959,379,0
365,internal,64303954114,380,0
366,internal,64474181571,381,0
367,internal,64644315788,382,0
368,receive,64816902906,383,0
369,sendboth,64987840972,384,0
370,send2,65157959194,385,0
371,receive,65330740498,386,0
372,internal,65499731267,388,0
373,internal,65668858072,389,0
374,internal,65838441932,390,0
375,internal,66007585733,391,0
376,internal,66178401786,392,0
377,internal,66347271390,393,0
378,sendboth,66518576025,394,0
379,internal,66687524417,395,0
380,internal,66859252336,396,0
381,internal,67031472734,397,0
382,internal,67203011550,398,0
383,receive,67375174327,399,0
384,internal,67546068447,401,0
385,internal,67718678039,402,0
386,internal,67891055977,403,0
387,receive,68062733407,404,0
388,internal,68233047958,405,0
389,internal,68403802681,406,0
390,send2,68572690409,407,0
391,internal,68746406257,408,0
392,internal,68918291841,409,0
393,internal,69087401701,410,0
394,receive,69256016438,411,0
395,internal,69428363053,412,0
396,receive,69601002489,413,0
397,send2,69773671656,414,0
398,internal,69943839963,415,0
399,receive,70112501009,416,0
400,internal,70282274312,417,0
401,receive,70453406608,418,0
402,send2,70623920085,419,0
403,sendboth,70794924595,420,0
404,internal,70965381091,421,0
405,sendboth,71136102932,422,0
406,internal,71306846634,423,0
407,internal,71478389548,424,0
408,sendboth,71646855175,425,0
409,internal,71822873489,426,0
410,receive,71997124890,427,0
411,receive,72170315429,429,0
412,internal,72342638153,430,0
413,receive,72513314487,431,0
414,internal,72682138614,432,0
415,send2,72851463739,433,0
416,internal,73024427709,434,0
417,send1,73195605052,435,0
418,internal,73366426700,436,0
419,internal,73539539154,437,0
420,receive,73711842231,438,0
421,internal,73881346722,439,0
422,internal,74053754526,440,0
423,internal,74227439967,441,0
424,internal,74398152950,442,0
425,send1,74571155147,443,0
426,sendboth,74744163536,444,0
427,internal,74915178336,445,0
428,internal,75086154889,446,0
429,internal,75257200337,447,0
430,internal,75434411642,448,0
431,send1,75606939606,449,0
432,internal,75778945296,450,0
433,internal,75948589119,451,0
434,internal,76119480949,452,0
435,internal,76292126121,453,0
436,internal,76464012993,454,0
437,internal,76636158417,455,0
438,receive,76807445139,456,0
439,internal,76979092320,457,0
440,internal,77152341283,458,0
441,internal,77322948759,459,0
442,send1,77496447039,460,0
443,internal,77670105827,461,0
444,internal,77838512966,462,0
445,internal,78010643982,463,0
446,send1,78180925247,464,0
447,internal,78353221064,465,0
448,internal,78523028695,466,0
449,internal,78695306627,467,0
450,send1,78867205963,468,0
451,internal,79039672175,469,0
452,internal,79211841231,470,0
453,receive,79381052683,471,0
454,internal,79552932673,472,0
455,internal,79721353662,473,0
456,receive,79894061610,474,0
457,receive,80065751611,475,0
458,internal,80237709898,476,0
459,internal,80406238288,477,0
460,internal,80579424712,478,0
461,internal,80750099243,479,0
462,send1,80922638931,480,0
463,internal,81096519802,481,0
464,send1,81266574645,482,0
465,internal,81440434126,483,0
466,internal,81613150288,484,0
467,internal,81781686003,485,0
468,internal,81952963349,486,0
469,receive,82123555835,487,0
470,internal,82293997175,488,0
471,sendboth,82467169832,489,0
472,internal,82640280096,490,0
473,sendboth,82813300049,491,0
474,internal,82983744100,492,0
475,internal,83153903192,493,0
476,sendboth,83323571931,494,0
477,sendboth,83496337530,495,0
478,internal,83666406269,496,0
479,sendboth,83839202678,497,0
480,internal,84011974001,498,0
481,internal,84182896205,499,0
482,internal,84355157194,500,0
483,internal,84528432129,501,0
484,send1,84700844788,502,0
485,internal,84873698889,503,0
486,internal,85043994759,504,0
487,internal,85216904524,505,0
488,sendboth,85388040073,506,0
489,send2,85561913413,507,0
490,internal,85734935986,508,0
491,send1,85907178535,509,0
492,send2,86079393957,510,0
493,internal,86251167355,511,0
494,internal,86421349665,512,0
495,send1,86594422845,513,0
496,internal,86766064348,514,0
497,internal,86939363727,515,0
498,receive,87112221662,516,0
499,internal,87284095326,518,0
500,receive,87456510847,519,0
501,internal,87629810004,520,0
502,internal,87798358628,521,0
503,internal,87971184981,522,0
504,receive,88143985685,523,0
505,internal,88316154240,524,0
506,sendboth,88486575938,525,0
507,internal,88656341320,526,0
508,internal,88828331707,527,0
509,internal,88996799942,528,0
510,sendboth,89170447534,529,0
511,sendboth,89343935440,530,0
512,send1,89516561398,531,0
513,internal,89685862899,532,0
514,internal,89854801779,533,0
515,receive,90027283508,534,0
516,sendboth,90195810841,535,0
517,internal,90370906200,536,0
518,receive,90542797275,537,0
519,send1,90711840275,539,0
520,receive,90883810365,540,0
521,sendboth,91052534253,541,0
522,internal,91223056113,542,0
523,internal,91393913978,543,0
524,internal,91564103178,544,0
525,send1,91735529051,545,0
526,send2,91908502828,546,0
527,internal,92078344621,547,0
528,internal,92249895738,548,0
529,sendboth,92419575017,549,0
530,sendboth,92588402400,550,0
531,internal,92757559688,551,0
532,sendboth,92931055349,552,0
533,internal,93103111096,553,0
534,send2,93275333431,554,0
535,receive,93447349137,555,0
536,send1,93620734407,557,0
537,internal,93789766663,558,0
538,send2,93961842551,559,0
539,internal,94130698707,560,0
540,internal,94300798018,561,0
541,internal,94477255288,562,0
542,internal,94651228044,563,0
543,receive,94822200031,564,0
544,internal,94995423853,565,0
545,internal,95165683263,566,0
546,internal,95334378817,567,0
547,internal,95508165982,568,0
548,internal,95678389583,569,0
549,receive,95850456362,570,0
550,send2,96019911944,571,0
551,sendboth,96189655116,572,0
552,internal,96362747077,573,0
553,internal,96535138411,574,0
554,internal,96707132208,575,0
555,internal,96878339733,576,0
556,sendboth,97047509979,577,0
557,internal,97219462951,578,0
558,internal,97390851367,579,0
559,send2,97563994810,580,0
560,sendboth,97734728535,581,0
561,internal,97907518245,582,0
562,internal,98078423939,583,0
563,send2,98249792797,584,0
564,send1,98421634509,585,0
565,internal,98593833074,586,0
566,internal,98764487227,587,0
567,receive,98937740361,588,0
568,send1,99110154505,590,0
569,internal,99283574509,591,0
570,internal,99456381675,592,0
571,internal,99629486476,593,0
572,send1,99799096696,594,0
573,sendboth,99971127591,595,0
574,send2,100143806077,596,0
575,internal,100316890989,597,0
576,internal,100487898145,598,0
577,internal,100659423059,599,0
578,internal,100831205132,600,0
579,internal,100999688902,601,0
580,receive,101171107839,602,0
581,internal,101343771153,603,0
582,receive,101515249294,604,0
583,internal,101684089591,605,0
584,internal,101856284405,606,0
585,internal,102028422237,607,0
586,receive,102201613633,608,0
587,send2,102373155067,609,0
588,internal,102543779935,610,0
589,internal,102712945301,611,0
590,sendboth,102881678855,612,0
591,internal,103053219869,613,0
592,internal,103226563668,614,0
593,internal,103395782091,615,0
594,internal,103565105949,616,0
595,internal,103735272541,617,0
596,internal,103908482432,618,0
597,internal,104081672381,619,0
598,receive,104254858933,620,0
599,send2,104428420188,621,0
600,internal,104597571966,622,0
601,receive,104767554313,623,0
602,receive,104940200544,624,0
603,internal,105111899034,625,0
604,sendboth,105282571715,626,0
605,internal,105454789430,627,0
606,internal,105627046736,628,0
607,send1,105795919366,629,0
608,send1,105966262138,630,0
609,internal,106138594227,631,0
610,receive,106307295662,632,0
611,internal,106479390913,634,0
612,receive,106649598550,635,0
613,send2,106819382328,636,0
614,internal,106992615093,637,0
615,send1,107163602627,638,0
616,internal,107337105906,639,0
617,internal,107508090810,640,0
618,internal,107680306108,641,0
619,send2,107853554694,642,0
620,send2,108026973574,643,0
621,internal,108199525862,644,0
622,sendboth,108372139929,645,0
623,send1,108545359785,646,0
624,internal,108715807725,647,0
625,internal,108887765438,648,0
626,send2,109059947446,649,0
627,send1,109231366468,650,0
628,internal,109400252069,651,0
629,internal,109571673723,652,0
630,send1,109744858694,653,0
631,internal,109916408217,654,0
632,internal,110089915749,655,0
633,internal,110261842610,656,0
634,internal,110433790939,657,0
635,internal,110603734163,658,0
636,receive,110776975168,659,0
637,internal,110948453951,661,0
638,receive,111119147302,662,0
639,internal,111292129231,663,0
640,internal,111465209426,664,0
641,internal,111637541178,665,0
642,internal,111808785052,666,0
643,internal,111981675303,667,0
644,internal,112150303317,668,0
645,send2,112322374197,669,0
646,send2,112495731163,670,0
647,internal,112669048319,671,0
648,internal,112841816733,672,0
649,internal,113011901987,673,0
650,receive,113181535674,674,0
651,receive,113353202974,675,0
652,internal,113522229783,676,0
653,internal,113694612017,677,0
654,internal,113867157490,678,0
655,internal,114037674832,679,0
656,internal,114207270023,680,0
657,receive,114380681240,681,0
658,receive,114553517248,682,0
659,internal,114724909698,683,0
660,internal,114898373493,684,0
661,send1,115068664610,685,0
662,internal,115237838834,686,0
663,internal,115409180655,687,0
664,receive,115581675296,688,0
665,receive,115750245926,689,0
666,sendboth,115920774720,690,0
667,sendboth,116093594201,691,0
668,send2,116267133882,692,0
669,internal,116440346447,693,0
670,internal,116613332600,694,0
671,receive,116786151575,695,0
672,internal,116956246816,696,0
673,internal,117128361759,697,0
674,send2,117300419465,698,0
675,internal,117473467413,699,0
676,internal,117645488666,700,0
677,sendboth,117817107548,701,0
678,send1,117989920550,702,0
679,internal,118161850744,703,0
680,internal,118332982587,704,0
681,internal,118506072276,705,0
682,internal,118678376987,706,0
683,internal,118851466215,707,0
684,send1,119021184770,708,0
685,internal,119194124038,709,0
686,sendboth,119366751457,710,0
687,internal,119539487480,711,0
688,send1,119711847715,712,0
689,internal,119881695750,713,0
690,internal,120054355434,714,0
691,receive,120227691289,715,0
692,internal,120395979289,717,0
693,send1,120570247305,718,0
694,internal,120743487988,719,0
695,internal,120915782462,720,0
696,internal,121088446974,721,0
697,internal,121261694912,722,0
698,receive,121431243881,723,0
699,internal,121603805155,725,0
700,sendboth,121772231924,726,0
701,internal,121946344666,727,0
702,internal,122114656473,728,0
703,internal,122285742612,729,0
704,internal,122458941301,730,0
705,send1,122631678476,731,0
706,sendboth,122802223219,732,0
707,internal,122972150365,733,0
708,internal,123143469827,734,0
709,internal,123314653675,735,0
710,internal,123487415968,736,0
711,internal,123660157871,737,0
712,internal,123830907172,738,0
713,internal,123999072715,739,0
714,receive,124168889432,740,0
715,internal,124342060169,741,0
716,internal,124514986635,742,0
717,send2,124688474827,743,0
718,receive,124862027948,744,0
719,receive,125034589421,745,0
720,internal,125207980221,746,0
721,receive,125378333089,747,0
722,internal,125550745728,748,0
723,internal,125719850010,749,0
724,sendboth,125893430452,750,0
725,send2,126065084856,751,0
726,send2,126239051524,752,0
727,internal,126411862887,753,0
728,sendboth,126585459000,754,0
729,internal,126754926093,755,0
730,sendboth,126924015355,756,0
731,send2,127093908910,757,0
732,sendboth,127267147961,758,0
733,internal,127437810267,759,0
734,internal,127607087240,760,0
735,sendboth,127779882835,761,0
736,internal,127949729870,762,0
737,internal,128118980325,763,0
738,send1,128292094159,764,0
739,internal,128462975137,765,0
740,receive,128631811459,766,0
741,internal,128802766855,768,0
742,send1,128975894142,769,0
743,internal,129146022622,770,0
744,internal,129316229228,771,0
745,receive,129486936527,772,0
746,internal,129657339107,774,0
747,internal,129828406763,775,0
748,internal,130001171108,776,0
749,send1,130172522489,777,0
750,send2,130343385851,778,0
751,internal,130516092454,779,0
752,send2,130685781489,780,0
753,internal,130856867442,781,0
754,internal,131028332339,782,0
755,internal,131201057603,783,0
756,send1,131373398281,784,0
757,internal,131546894903,785,0
758,receive,131717271526,786,0
759,send1,131888596074,788,0
760,internal,132061881202,789,0
761,internal,132233187850,790,0
762,receive,132406385525,791,0
763,send2,132580565959,792,0
764,send2,132754720365,793,0
765,internal,132926640884,794,0
766,internal,133098023884,795,0
767,send2,133270992750,796,0
768,internal,133443336593,797,0
769,internal,133616420660,798,0
770,send2,133788138125,799,0
771,receive,133960249238,800,0
772,internal,134131749864,801,0
773,receive,134304140591,802,0
774,internal,134476714880,803,0
775,internal,134647795799,804,0
776,internal,134821010601,805,0
777,sendboth,134990144375,806,0
778,sendboth,135163624340,807,0
779,send1,135333675576,808,0
780,internal,135503557238,809,0
781,internal,135676629552,810,0
782,internal,135846073938,811,0
783,receive,136019088852,812,0
784,receive,136191530384,813,0
785,internal,136361842606,814,0
786,internal,136531526884,815,0
787,send1,136705165905,816,0
788,internal,136878350370,817,0
789,send2,137050935769,818,0
790,internal,137224840901,819,0
791,internal,137400163820,820,0
792,internal,137571091959,821,0
793,send1,137740649140,822,0
794,send1,137912863723,823,0
795,internal,138085867933,824,0
796,internal,138258139429,825,0
797,send1,138429682131,826,0
798,internal,138607886959,827,0
799,receive,138777909184,828,0
800,internal,138948602688,830,0
801,receive,139120863932,831,0
802,internal,139293204158,832,0
803,sendboth,139466215750,833,0
804,internal,139635471961,834,0
805,internal,139810085137,835,0
806,internal,139983050872,836,0
807,internal,140152559523,837,0
808,internal,140325046726,838,0
809,sendboth,140494694759,839,0
810,internal,140667096604,840,0
811,sendboth,140836453235,841,0
812,internal,141005295099,842,0
813,internal,141178333310,843,0
814,send2,141348205356,844,0
815,internal,141521327591,845,0
816,internal,141693224471,846,0
817,internal,141866354069,847,0
818,receive,142039185620,848,0
819,internal,142211842687,849,0
820,receive,142381448398,850,0
821,internal,142554003164,851,0
822,internal,142726520555,852,0
823,send2,142899037444,853,0
824,internal,143070840001,854,0
825,sendboth,143243211136,855,0
826,internal,143413684752,856,0
827,internal,143586179516,857,0
828,receive,143759867969,858,0
829,internal,143931677772,860,0
830,sendboth,144104383977,861,0
831,internal,144278336580,862,0
832,internal,144448052833,863,0
833,receive,144621062510,864,0
834,internal,144793166549,866,0
835,sendboth,144964977206,867,0
836,internal,145136749077,868,0
837,internal,145309472578,869,0
838,internal,145481156271,870,0
839,internal,145651712973,871,0
840,receive,145823243932,872,0
841,send1,145996308766,874,0
842,internal,146166276337,875,0
843,internal,146339626435,876,0
844,sendboth,146512138505,877,0
845,internal,146687163629,878,0
846,internal,146861857402,879,0
847,internal,147034080859,880,0
848,internal,147208813590,881,0
849,receive,147380685476,882,0
850,send1,147553938489,883,0
851,internal,147726934489,884,0
852,internal,147899805191,885,0
853,sendboth,148068453827,886,0
854,internal,148239084715,887,0
855,internal,148411875100,888,0
856,send1,148582918254,889,0
857,internal,148756434441,890,0
858,internal,148928371265,891,0
859,internal,149100883619,892,0
860,internal,149274500844,893,0
861,internal,149444735848,894,0
862,internal,149614468559,895,0
863,internal,149787411254,896,0
864,internal,149958191717,897,0
865,internal,150130057315,898,0
866,internal,150300794078,899,0
867,receive,150472820806,900,0
868,send2,150646039550,901,0
869,send1,150814574023,902,0
870,internal,150987664005,903,0
871,internal,151157516748,904,0
872,internal,151329028544,905,0
873,internal,151501796503,906,0
874,receive,151674507856,907,0
875,receive,151847404025,908,0
876,internal,152020151221,909,0
877,internal,152193028044,910,0
878,internal,152365163747,911,0
879,internal,152533774380,912,0
880,sendboth,152705506999,913,0
881,internal,152878406256,914,0
882,internal,153049835162,915,0
883,receive,153220524213,916,0
884,internal,153394062158,918,0
885,internal,153564654453,919,0
886,send2,153738114626,920,0
887,sendboth,153908193464,921,0
888,internal,154081737897,922,0
889,receive,154255108912,923,0
890,send1,154428344262,925,0
891,internal,154597218675,926,0
892,internal,154768450678,927,0
893,internal,154939225543,928,0
894,internal,155111843815,929,0
895,send1,155283667144,930,0
896,send1,155457158877,931,0
897,sendboth,155628397793,932,0
898,internal,155800536933,933,0
899,internal,155975745865,934,0
900,internal,156148399928,935,0
901,internal,156321664424,936,0
902,internal,156493035247,937,0
903,send1,156662718835,938,0
904,internal,156836845084,939,0
905,internal,157010409442,940,0
906,internal,157182644086,941,0
907,internal,157353310840,942,0
908,internal,157526305393,943,0
909,send1,157698433818,944,0
910,send2,157870661989,945,0
911,internal,158043906079,946,0
912,send2,158213552035,947,0
913,receive,158382281176,948,0
914,send1,158550977317,950,0
915,internal,158719401756,951,0
916,internal,158892937103,952,0
917,internal,159062108267,953,0
918,internal,159233352937,954,0
919,internal,159406015757,955,0
920,internal,159578373311,956,0
921,internal,159749373555,957,0
922,internal,159921848078,958,0
923,internal,160092967502,959,0
924,receive,160265525575,960,0
925,sendboth,160437171472,961,0
926,internal,160606984786,962,0
927,internal,160779594469,963,0
928,internal,160948155429,964,0
929,receive,161120656061,965,0
930,sendboth,161292907650,966,0
931,internal,161461846897,967,0
932,internal,161634536876,968,0
933,sendboth,161804154597,969,0
934,internal,161976386833,970,0
935,receive,162149249395,971,0
936,internal,162318357622,973,0
937,internal,162490557155,974,0
938,internal,162662604650,975,0
939,internal,162831562940,976,0
940,receive,163005648748,977,0
941,send2,163179568672,978,0
942,internal,163348038553,979,0
943,internal,163518395929,980,0
944,internal,163692871470,981,0
945,internal,163864995538,982,0
946,internal,164036189163,983,0
947,internal,164218072172,984,0
948,receive,164388412023,985,0
949,sendboth,164561841413,986,0
950,send1,164731352080,987,0
951,internal,164904090901,988,0
952,internal,165076197673,989,0
953,sendboth,165248402753,990,0
954,internal,165422812662,991,0
955,receive,165594061136,992,0
956,internal,165765210952,994,0
957,send1,165936822611,995,0
958,internal,166109714994,996,0
959,internal,166282068731,997,0
960,receive,166455536532,998,0
961,receive,166630054803,999,0
962,internal,166799350547,1000,0
963,receive,166968818200,1001,0
964,send2,167137948053,1002,0
965,send1,167306186608,1003,0
966,sendboth,167478660576,1004,0
967,internal,167652972633,1005,0
968,send2,167826158196,1006,0
969,receive,167995655628,1007,0
970,internal,168167172458,1009,0
971,internal,168339580960,1010,0
972,internal,168512235438,1011,0
973,internal,168681773031,1012,0
974,internal,168851463741,1013,0
975,internal,169024854144,1014,0
976,receive,169197122221,1015,0
977,internal,169370351419,1016,0
978,internal,169542858289,1017,0
979,send2,169715614848,1018,0
980,receive,169884313636,1019,0
981,receive,170056485714,1020,0
982,internal,170231742055,1021,0
983,internal,170405200306,1022,0
984,internal,170578362794,1023,0
985,internal,170750955674,1024,0
986,receive,170921343771,1025,0
987,internal,171093511189,1026,0
988,internal,171264695792,1027,0
989,internal,171436326751,1028,0
990,internal,171605715062,1029,0
991,send2,171778396999,1030,0
992,internal,171951352470,1031,0
993,internal,172123641768,1032,0
994,receive,172296284389,1033,0
995,receive,172468478160,1034,0
996,sendboth,172641772906,1035,0
997,send2,172812085585,1036,0
998,internal,172983267360,1037,0
999,send2,173155905093,1038,0
1000,internal,173329121087,1039,0
1001,internal,173500096461,1040,0
1002,sendboth,173672442098,1041,0
1003,internal,173844765321,1042,0
1004,internal,174014911744,1043,0
1005,internal,174186221107,1044,0
1006,internal,174355557176,1045,0
1007,internal,174528374671,1046,0
1008,internal,174700180272,1047,0
1009,internal,174869194532,1048,0
1010,internal,175042745520,1049,0
1011,receive,175212165307,1050,0
1012,internal,175381670624,1051,0
1013,internal,175550563222,1052,0
1014,sendboth,175722913188,1053,0
1015,internal,175894405735,1054,0
1016,receive,176062762686,1055,0
1017,send1,176235247218,1057,0
1018,internal,176405464109,1058,0
1019,send2,176578350344,1059,0
1020,internal,176749632540,1060,0
1021,internal,176923004860,1061,0
1022,sendboth,177096261824,1062,0
1023,sendboth,177267148813,1063,0
1024,send1,177440100971,1064,0
1025,sendboth,177611871054,1065,0
1026,internal,177785633219,1066,0
1027,internal,177958699038,1067,0
1028,internal,178130719317,1068,0
1029,internal,178303298399,1069,0
1030,internal,178476028141,1070,0
1031,internal,178645123497,1071,0
1032,internal,178815190881,1072,0
1033,send2,178984164682,1073,0
1034,internal,179156095686,1074,0
1035,receive,179324316630,1075,0
1036,sendboth,179498622006,1076,0
1037,internal,179671491970,1077,0
1038,internal,179845724170,1078,0
1039,internal,180017853118,1079,0
1040,sendboth,180191303788,1080,0
1041,internal,180364134672,1081,0
1042,internal,180537149295,1082,0
1043,internal,180709998200,1083,0
1044,internal,180881218780,1084,0
1045,send1,181052151337,1085,0
1046,send1,181223268540,1086,0
1047,internal,181396127688,1087,0
1048,sendboth,181565319558,1088,0
1049,internal,181737751133,1089,0
1050,send1,181908428719,1090,0
1051,send2,182081675525,1091,0
1052,sendboth,182252161616,1092,0
1053,send2,182425660649,1093,0
1054,receive,182600240297,1094,0
1055,sendboth,182773624595,1096,0
1056,internal,182946762233,1097,0
1057,send1,183116188452,1098,0
1058,internal,183288664790,1099,0
1059,send1,183461838354,1100,0
1060,sendboth,183633841778,1101,0
1061,internal,183803832715,1102,0
1062,receive,183975928379,1103,0
1063,send2,184147295636,1105,0
1064,internal,184320600224,1106,0
1065,internal,184492644597,1107,0
1066,sendboth,184663670094,1108,0
1067,send2,184836814361,1109,0
1068,internal,185008457076,1110,0
1069,internal,185181085992,1111,0
1070,send2,185350452885,1112,0
1071,receive,185524049124,1113,0
1072,internal,185692881557,1114,0
1073,send2,185864539009,1115,0
1074,send1,186035601662,1116,0
1075,internal,186206614578,1117,0
1076,internal,186378364259,1118,0
1077,internal,186548172128,1119,0
1078,receive,186717944001,1120,0
1079,internal,186886413095,1121,0
1080,internal,187056554321,1122,0
1081,internal,187229476516,1123,0
1082,internal,187400419380,1124,0
1083,internal,187569830404,1125,0
1084,send1,187741153737,1126,0
1085,internal,187912647857,1127,0
1086,internal,188085950459,1128,0
1087,internal,188254577669,1129,0
1088,send1,188425906292,1130,0
1089,internal,188594481741,1131,0
1090,internal,188765723036,1132,0
1091,sendboth,188935064857,1133,0
1092,internal,189104655278,1134,0
1093,internal,189273880850,1135,0
1094,internal,189449772237,1136,0
1095,send1,189622998408,1137,0
1096,internal,189792508280,1138,0
1097,sendboth,189964089689,1139,0
1098,internal,190138112981,1140,0
1099,internal,190308099342,1141,0
1100,internal,190478342057,1142,0
1101,sendboth,190648710234,1143,0
1102,internal,190822565981,1144,0
1103,receive,190991838169,1145,0
1104,send2,191162612755,1147,0
1105,send1,191337828568,1148,0
1106,internal,191512449005,1149,0
1107,send1,191684157929,1150,0
1108,send2,191854234269,1151,0
1109,send2,192026124855,1152,0
1110,internal,192198323980,1153,0
1111,internal,192370975776,1154,0
1112,internal,192543366925,1155,0
1113,send2,192715217702,1156,0
1114,send1,192887834128,1157,0
1115,internal,193060088904,1158,0
1116,internal,193231797909,1159,0
1117,sendboth,193403863332,1160,0
1118,internal,193575786693,1161,0
1119,internal,193746597193,1162,0
1120,internal,193916621243,1163,0
1121,send1,194087284994,1164,0
1122,sendboth,194258883566,1165,0
1123,internal,194431754176,1166,0
1124,send2,194603680625,1167,0
1125,internal,194775823570,1168,0
1126,internal,194948165473,1169,0
1127,sendboth,195121505014,1170,0
1128,internal,195294743222,1171,0
1129,internal,195467120069,1172,0
1130,sendboth,195637295238,1173,0
1131,internal,195809054595,1174,0
1132,internal,195980688751,1175,0
1133,sendboth,196149415031,1176,0
1134,sendboth,196321481814,1177,0
1135,internal,196492478136,1178,0
1136,send2,196663683454,1179,0
1137,internal,196835663397,1180,0
1138,internal,197004455351,1181,0
1139,receive,197175999109,1182,0
1140,receive,197348138275,1183,0
1141,send2,197517466429,1184,0
1142,internal,197687619432,1185,0
1143,send2,197860177528,1186,0
1144,sendboth,198032896384,1187,0
1145,send1,198205004909,1188,0
1146,internal,198378333136,1189,0
1147,internal,198548214449,1190,0
1148,internal,198717101386,1191,0
1149,internal,198890726267,1192,0
1150,internal,199063061540,1193,0
1151,send2,199236150936,1194,0
1152,sendboth,199409553250,1195,0
1153,send1,199581676674,1196,0
1154,internal,199753002362,1197,0
1155,internal,199925700173,1198,0
1156,internal,200094434214,1199,0
1157,internal,200262677197,1200,0
1158,internal,200433921251,1201,0
1159,receive,200606866138,1202,0
1160,receive,200780084767,1203,0
1161,receive,200950441799,1204,0
1162,internal,201121635779,1205,0
1163,internal,201294561947,1206,0
1164,internal,201464337248,1207,0
1165,internal,201633685759,1208,0
1166,send1,201804580506,1209,0
1167,internal,201976843696,1210,0
1168,internal,202145367523,1211,0
1169,internal,202317850177,1212,0
1170,send1,202486756953,1213,0
1171,internal,202658342261,1214,0
1172,sendboth,202831036115,1215,0
1173,internal,203001450599,1216,0
1174,receive,203171014574,1217,0
1175,internal,203342393786,1219,0
1176,internal,203513640796,1220,0
1177,send2,203684886174,1221,0
1178,send2,203854577784,1222,0
1179,receive,204026531059,1223,0
1180,internal,204200434829,1224,0
1181,internal,204372051427,1225,0
1182,internal,204543156478,1226,0
1183,internal,204716241638,1227,0
1184,receive,204888244710,1228,0
1185,send1,205059322978,1229,0
1186,internal,205231735492,1230,0
1187,internal,205402685957,1231,0
1188,receive,205575617252,1232,0
1189,internal,205747571507,1233,0
1190,receive,205920278801,1234,0
1191,internal,206092269468,1235,0
1192,receive,206264903683,1236,0
1193,internal,206438134427,1237,0
1194,internal,206611871286,1238,0
1195,send1,206781725973,1239,0
1196,internal,206953223565,1240,0
1197,internal,207121930959,1241,0
1198,send1,207293069752,1242,0
1199,internal,207461841435,1243,0
1200,internal,207632734646,1244,0
1201,internal,207805524984,1245,0
1202,internal,207978368990,1246,0
1203,send1,208150211013,1247,0
1204,internal,208320647164,1248,0
1205,internal,208492591231,1249,0
1206,internal,208663243145,1250,0
1207,internal,208834688134,1251,0
1208,send2,209006477973,1252,0
1209,send1,209178352111,1253,0
1210,internal,209347826193,1254,0
1211,internal,209520772147,1255,0
1212,internal,209692232047,1256,0
1213,internal,209861907301,1257,0
1214,internal,210031808775,1258,0
1215,internal,210200376217,1259,0
1216,receive,210370327548,1260,0
1217,internal,210542279211,1261,0
1218,internal,210714912431,1262,0
1219,internal,210884994446,1263,0
1220,receive,211055901208,1264,0
1221,internal,211228335347,1265,0
1222,receive,211396941780,1266,0
1223,send2,211568887023,1267,0
1224,internal,211743415445,1268,0
1225,internal,211919772405,1269,0
1226,internal,212092218485,1270,0
1227,receive,212264634501,1271,0
1228,send1,212436234270,1272,0
1229,internal,212608773363,1273,0
1230,internal,212781455624,1274,0
1231,send2,212952133114,1275,0
1232,internal,213125527305,1276,0
1233,receive,213298624027,1277,0
1234,internal,213467188504,1278,0
1235,internal,213637981351,1279,0
1236,internal,213811201969,1280,0
1237,receive,213982385267,1281,0
1238,internal,214152408904,1282,0
1239,sendboth,214325503861,1283,0
1240,internal,214499092787,1284,0
1241,internal,214670280281,1285,0
1242,internal,214842569069,1286,0
1243,sendboth,215016051470,1287,0
1244,send1,215189220604,1288,0
1245,internal,215362670510,1289,0
1246,internal,215533707360,1290,0
1247,send2,215704141259,1291,0
1248,receive,215875477891,1292,0
1249,send1,216047088362,1294,0
1250,internal,216220259196,1295,0
1251,send1,216389157130,1296,0
1252,internal,216562810487,1297,0
1253,internal,216733780186,1298,0
1254,receive,216905837904,1299,0
1255,internal,217078398074,1301,0
1256,sendboth,217247851675,1302,0
1257,internal,217417730407,1303,0
1258,send1,217590390410,1304,0
1259,internal,217763530354,1305,0
1260,internal,217934691778,1306,0
1261,send2,218104891041,1307,0
1262,internal,218278335448,1308,0
1263,send2,218449672158,1309,0
1264,send1,218620001436,1310,0
1265,internal,218792096831,1311,0
1266,internal,218964603316,1312,0
1267,send1,219134135975,1313,0
1268,internal,219303993831,1314,0
1269,internal,219476062119,1315,0
1270,receive,219648289077,1316,0
1271,internal,219817130766,1318,0
1272,internal,219988579777,1319,0
1273,internal,220159273404,1320,0
1274,internal,220330704120,1321,0
1275,internal,220504080244,1322,0
1276,internal,220676509090,1323,0
1277,send1,220845968849,1324,0
1278,internal,221018774229,1325,0
1279,internal,221192069227,1326,0
1280,internal,221364268939,1327,0
1281,receive,221537554560,1328,0
1282,internal,221709875771,1329,0
1283,receive,221881742553,1330,0
1284,receive,222053031685,1331,0
1285,internal,222225376605,1332,0
1286,internal,222395065954,1333,0
1287,receive,222567794032,1334,0
1288,sendboth,222740090914,1335,0
1289,internal,222913252256,1336,0
1290,internal,223084747868,1337,0
1291,internal,223253650618,1338,0
1292,internal,223425374808,1339,0
1293,internal,223596962163,1340,0
1294,send1,223765792200,1341,0
1295,internal,223937982843,1342,0
1296,receive,224107006783,1343,0
1297,internal,224279851004,1344,0
1298,sendboth,224450503616,1345,0
1299,send2,224623125752,1346,0
1300,sendboth,224795755973,1347,0
1301,internal,224964073572,1348,0
1302,internal,225134196987,1349,0
1303,internal,225303756805,1350,0
1304,send2,225475965122,1351,0
1305,receive,225645181943,1352,0
1306,internal,225815807384,1353,0
1307,internal,225987172626,1354,0
1308,internal,226157904324,1355,0
1309,send1,226331072815,1356,0
1310,internal,226503110967,1357,0
1311,receive,226675696820,1358,0
1312,internal,226848365237,1359,0
1313,sendboth,227018414839,1360,0
1314,internal,227188791689,1361,0
1315,send1,227361919359,1362,0
1316,internal,227531663237,1363,0
1317,receive,227703340722,1364,0
1318,internal,227875379839,1365,0
1319,receive,228047325801,1366,0
1320,receive,228220144746,1367,0
1321,internal,228392011085,1368,0
1322,send1,228565593989,1369,0
1323,internal,228741983828,1370,0
1324,internal,228914222668,1371,0
1325,internal,229084280648,1372,0
1326,internal,229257156710,1373,0
1327,internal,229429326637,1374,0
1328,internal,229601171719,1375,0
1329,sendboth,229771648350,1376,0
1330,send1,229942010366,1377,0
1331,internal,230112093036,1378,0
1332,internal,230281758486,1379,0
1333,internal,230452129016,1380,0
1334,send1,230621192544,1381,0
1335,internal,230795151932,1382,0
1336,internal,230966252819,1383,0
1337,internal,231137875759,1384,0
1338,internal,231308150531,1385,0
1339,receive,231481084184,1386,0
1340,receive,231655189480,1388,0
1341,internal,231828332297,1389,0
1342,receive,232000607912,1390,0
1343,internal,232173732151,1391,0
1344,internal,232344007161,1392,0
1345,receive,232514762685,1393,0
1346,internal,232684569287,1394,0
1347,internal,232854845641,1395,0
1348,internal,233028396284,1396,0
1349,receive,233200681111,1397,0
1350,send2,233373873764,1398,0
1351,internal,233547035617,1399,0
1352,send2,233717592646,1400,0
1353,send2,233890288754,1401,0
1354,internal,234061866242,1402,0
1355,receive,234233704642,1403,0
1356,receive,234403964495,1404,0
1357,internal,234575318633,1405,0
1358,send2,234746706058,1406,0
1359,internal,234920578771,1407,0
1360,receive,235093223724,1408,0
1361,internal,235266104866,1409,0
1362,internal,235438730313,1410,0
1363,internal,235612101432,1411,0
1364,receive,235782000404,1412,0
1365,internal,235955456931,1413,0
1366,sendboth,236128338566,1414,0
1367,internal,236302026755,1415,0
1368,internal,236475600825,1416,0
1369,internal,236648891949,1417,0
1370,internal,236822010368,1418,0
1371,receive,236991851526,1419,0
1372,internal,237164220328,1421,0
1373,send1,237336939578,1422,0
1374,send1,237507294582,1423,0
1375,internal,237678395606,1424,0
1376,receive,237846791508,1425,0
1377,internal,238019273209,1427,0
1378,internal,238191896099,1428,0
1379,sendboth,238361850622,1429,0
1380,internal,238534050868,1430,0
1381,receive,238706335959,1431,0
1382,internal,238878333387,1433,0
1383,internal,239047637551,1434,0
1384,send2,239218735965,1435,0
1385,internal,239391870495,1436,0
1386,sendboth,239561850512,1437,0
1387,send1,239733954632,1438,0
1388,internal,239903402441,1439,0
1389,internal,240075150746,1440,0
1390,internal,240244029762,1441,0
1391,send2,240418176030,1442,0
1392,receive,240591814139,1443,0
1393,internal,240763925976,1444,0
1394,internal,240936062658,1445,0
1395,internal,241104407544,1446,0
1396,internal,241276504506,1447,0
1397,send2,241445761588,1448,0
1398,internal,241616931171,1449,0
1399,internal,241788166503,1450,0
1400,internal,241957317136,1451,0
1401,send1,242128368957,1452,0
1402,send1,242298461103,1453,0
1403,internal,242470408882,1454,0
1404,send2,242643409336,1455,0
1405,internal,242816284320,1456,0
1406,sendboth,242988777261,1457,0
