,event_type,system_time,old_clock_time,new_clock_time,message_queue_length
0,internal,1524403830,0,1,0
1,receive,2029377403,1,4,0
2,internal,2536259619,4,5,0
3,receive,3042662501,5,9,0
4,receive,3547708743,9,11,0
5,receive,4052745025,11,14,1
6,receive,4559478842,14,15,0
7,receive,5064520716,15,19,0
8,receive,5568712958,19,21,0
9,receive,6072892829,21,24,0
10,internal,6577940830,24,25,0
11,receive,7083355147,25,30,0
12,send2,7589955720,30,31,0
13,internal,8096955212,31,32,0
14,receive,8603194658,32,36,0
15,internal,9108933837,36,37,0
16,sendboth,9614037010,37,38,0
17,internal,10119029680,38,39,0
18,receive,10624050757,39,46,0
19,receive,11130940448,46,50,0
20,internal,11636746503,50,51,0
21,internal,12140462285,51,52,0
22,internal,12646948348,52,53,0
23,sendboth,13151475070,53,54,0
24,send2,13657977070,54,55,0
25,internal,14163455768,55,56,0
26,receive,14670186238,56,67,0
27,receive,15175222401,67,69,0
28,receive,15681191429,69,70,1
29,receive,16186431329,70,71,1
30,receive,16691561597,71,74,0
31,internal,17196949884,74,75,0
32,receive,17701507381,75,80,1
33,receive,18205908578,80,82,0
34,send1,18713445353,82,83,0
35,receive,19218930670,83,86,0
36,receive,19726379085,86,90,2
37,receive,20231430623,90,91,1
38,receive,20736455843,91,92,0
39,receive,21242020687,92,98,0
40,receive,21748201603,98,100,0
41,receive,22257242850,100,102,1
42,receive,22763448808,102,104,1
43,receive,23268471172,104,106,0
44,internal,23775562341,106,107,0
45,sendboth,24277551534,107,108,0
46,send2,24783856616,108,109,0
47,receive,25287643446,109,118,0
48,internal,25793888157,118,119,0
49,receive,26298006343,119,122,0
50,send1,26803326417,122,123,0
51,internal,27308229333,123,124,0
52,internal,27813765835,124,125,0
53,send1,28318396708,125,126,0
54,send1,28822911881,126,127,0
55,receive,29328130590,127,138,1
56,receive,29833857272,138,139,1
57,receive,30339250665,139,140,0
58,receive,30845716576,140,142,1
59,receive,31350835286,142,143,1
60,receive,31853315411,143,148,2
61,receive,32359031086,148,149,2
62,receive,32863784761,149,151,2
63,receive,33368330301,151,152,1
64,receive,33873286302,152,155,0
65,receive,34378701849,155,161,1
66,receive,34883356385,161,162,0
67,internal,35388398363,162,163,0
68,receive,35894190263,163,168,0
69,internal,36398478146,168,169,0
70,receive,36905807766,169,175,0
71,internal,37409300165,175,176,0
72,internal,37913600234,176,177,0
73,receive,38419646841,177,181,0
74,internal,38926018487,181,182,0
75,receive,39428713469,182,186,0
76,internal,39935543412,186,187,0
77,receive,40441428753,187,190,0
78,receive,40950068100,190,191,0
79,send2,41454675315,191,192,0
80,internal,41960342057,192,193,0
81,internal,42464760471,193,194,0
82,receive,42969793208,194,204,1
83,receive,43474828528,204,205,0
84,internal,43979870993,205,206,0
85,receive,44482077281,206,210,1
86,receive,44987509002,210,212,0
87,receive,45492131100,212,217,1
88,receive,45998512133,217,218,0
89,sendboth,46505066334,218,219,0
90,internal,47010144171,219,220,0
91,internal,47514524842,220,221,0
92,receive,48021166762,221,228,0
93,sendboth,48528113536,228,229,0
94,send1,49030637461,229,230,0
95,internal,49537266291,230,231,0
96,receive,50040338787,231,238,0
97,send2,50546969939,238,239,0
98,receive,51051718354,239,243,0
99,receive,51556724439,243,247,0
100,receive,52063464692,247,248,0
101,sendboth,52568056990,248,249,0
102,internal,53070585807,249,250,0
103,receive,53575617833,250,252,0
104,internal,54080672370,252,253,0
105,internal,54585710588,253,254,0
106,receive,55091187414,254,262,1
107,receive,55596953211,262,264,1
108,receive,56100847240,264,266,1
109,receive,56605856739,266,268,0
110,send2,57110905731,268,269,0
111,receive,57615931552,269,275,0
112,receive,58122206208,275,277,0
113,internal,58628241224,277,278,0
114,receive,59132999701,278,283,1
115,receive,59636938770,283,284,0
116,receive,60141139072,284,287,0
117,internal,60647192612,287,288,0
118,internal,61151228657,288,289,0
119,receive,61657978479,289,296,0
120,receive,62163440040,296,298,0
121,internal,62668007712,298,299,0
122,sendboth,63174066509,299,300,0
123,internal,63676413779,300,301,0
124,receive,64181459454,301,307,0
125,receive,64686505797,307,311,0
126,receive,65192706435,311,313,0
127,internal,65696945485,313,314,0
128,internal,66201605635,314,315,0
129,receive,66704563092,315,320,0
130,receive,67211681458,320,321,0
131,internal,67717844308,321,322,0
132,internal,68221762655,322,323,0
133,receive,68728391369,323,331,0
134,receive,69231859648,331,332,0
135,send2,69737480316,332,333,0
136,receive,70243256144,333,336,0
137,internal,70749057408,336,337,0
138,internal,71254508887,337,338,0
139,receive,71757669222,338,344,0
140,internal,72263457965,344,345,0
141,receive,72769394287,345,349,0
142,receive,73274344420,349,351,1
143,receive,73779282180,351,352,0
144,internal,74283265995,352,353,0
145,receive,74789649733,353,359,0
146,receive,75297426186,359,361,1
147,receive,75803267944,361,362,0
148,internal,76308207748,362,363,0
149,receive,76813444300,363,369,0
150,internal,77318290986,369,370,0
151,send2,77823317091,370,371,0
152,receive,78328358650,371,375,0
153,receive,78833810795,375,381,0
154,internal,79339948038,381,382,0
155,receive,79846952878,382,384,1
156,receive,80351367048,384,386,1
157,receive,80854293098,386,387,0
158,internal,81358617365,387,388,0
159,internal,81864853698,388,389,0
160,receive,82368674015,389,397,0
161,receive,82875249605,397,399,1
162,receive,83379272253,399,400,0
163,receive,83884856987,400,405,0
164,receive,84392192253,405,406,0
165,send1,84896957258,406,407,0
166,internal,85400841660,407,408,0
167,internal,85903957638,408,409,0
168,sendboth,86409002787,409,410,0
169,internal,86914037637,410,411,0
170,receive,87419251679,411,419,0
171,receive,87924130796,419,425,0
172,internal,88429162046,425,426,0
173,receive,88934199866,426,431,0
174,internal,89439245974,431,432,0
175,receive,89944289667,432,435,0
176,send1,90449327496,435,436,0
177,internal,90954369141,436,437,0
178,internal,91459431042,437,438,0
179,receive,91964442812,438,445,0
180,receive,92470130252,445,447,0
181,internal,92971815890,447,448,0
182,internal,93473993054,448,449,0
183,receive,93979254642,449,454,0
184,internal,94483845664,454,455,0
185,internal,94989474304,455,456,0
186,send1,95493926033,456,457,0
187,internal,95998961238,457,458,0
188,receive,96504049634,458,467,0
189,internal,97006470262,467,468,0
190,receive,97508270517,468,472,0
191,internal,98013459367,472,473,0
192,receive,98518359126,473,476,0
193,receive,99023396818,476,480,0
194,send2,99528435556,480,481,0
195,internal,100033469225,481,482,0
196,receive,100537957886,482,487,0
197,sendboth,101043554901,487,488,0
198,internal,101548602896,488,489,0
199,internal,102053981324,489,490,0
200,receive,102559581658,490,496,0
201,receive,103065483523,496,498,0
202,sendboth,103568752115,498,499,0
203,receive,104075010869,499,502,0
204,receive,104580655483,502,507,0
205,receive,105084114085,507,509,0
206,send2,105588913129,509,510,0
207,receive,106093956568,510,514,0
208,internal,106598998345,514,515,0
209,internal,107104022832,515,516,0
210,receive,107605664670,516,517,0
211,receive,108109544115,517,523,0
212,internal,108614724467,523,524,0
213,receive,109118374198,524,529,0
214,send1,109623420672,529,530,0
215,receive,110128461786,530,531,1
216,receive,110633501313,531,534,0
217,receive,111138568659,534,539,0
218,receive,111643960175,539,540,0
219,internal,112154420711,540,541,0
220,receive,112659932468,541,546,0
221,internal,113167214047,546,547,0
222,internal,113671797780,547,548,0
223,receive,114176884346,548,552,0
224,receive,114679624395,552,556,0
225,receive,115184713987,556,559,0
226,receive,115690896437,559,562,0
227,receive,116196964140,562,564,0
228,receive,116700866612,564,565,0
229,receive,117206548965,565,568,0
230,receive,117713465175,568,572,0
231,receive,118220690817,572,573,0
232,receive,118726694216,573,575,1
233,receive,119232139669,575,576,0
234,receive,119737479993,576,582,0
235,internal,120240847487,582,583,0
236,send1,120746949806,583,584,0
237,internal,121252868388,584,585,0
238,send1,121760056134,585,586,0
239,internal,122267091992,586,587,0
240,internal,122771848216,587,588,0
241,receive,123276891453,588,597,2
242,receive,123781971928,597,598,1
243,receive,124287878561,598,599,3
244,receive,124792001883,599,600,4
245,receive,125298006998,600,604,5
246,receive,125802199784,604,605,5
247,receive,126307121734,605,606,6
248,receive,126813460513,606,607,5
249,receive,127317198884,607,608,5
250,receive,127822231990,608,609,5
251,receive,128327284342,609,610,5
252,receive,128832316803,610,612,5
253,receive,129337349459,612,613,5
254,receive,129843289081,613,617,5
255,receive,130347445146,617,620,5
256,receive,130852504119,620,622,5
257,receive,131357528221,622,626,4
258,receive,131863466762,626,627,4
259,receive,132368618192,627,629,4
260,receive,132873278056,629,633,3
261,receive,133377667935,633,635,2
262,receive,133883255902,635,640,1
263,receive,134389084002,640,641,1
264,receive,134895517137,641,650,1
265,receive,135401266057,650,654,2
266,receive,135908691320,654,656,2
267,receive,136413708915,656,658,3
268,receive,136918739540,658,660,2
269,receive,137423782009,660,661,1
270,receive,137928817745,661,663,0
271,receive,138433932613,663,672,1
272,receive,138938898380,672,673,1
273,receive,139441577811,673,674,0
274,receive,139948978269,674,679,0
275,internal,140455781860,679,680,0
276,send1,140959074865,680,681,0
277,receive,141464090841,681,688,0
278,receive,141969136404,688,689,0
279,internal,142474269463,689,690,0
280,send1,142981503416,690,691,0
281,receive,143484258579,691,697,0
282,internal,143991682237,697,698,0
283,receive,144497878589,698,702,0
284,receive,145003721184,702,704,1
285,receive,145522460342,704,705,0
286,receive,146029032499,705,707,1
287,receive,146531913589,707,708,0
288,receive,147036935405,708,711,0
289,internal,147542226880,711,712,0
290,receive,148048403863,712,718,1
291,receive,148552065817,718,719,0
292,internal,149058020928,719,720,0
293,receive,149563443031,720,725,0
294,send1,150067418310,725,726,0
295,internal,150572213712,726,727,0
296,internal,151073915890,727,728,0
297,internal,151576495834,728,729,0
298,receive,152081541338,729,738,0
299,receive,152588251480,738,740,0
300,receive,153092968291,740,741,0
301,receive,153598950534,741,747,0
302,internal,154104200656,747,748,0
303,internal,154609694454,748,749,0
304,receive,155113462005,749,750,1
305,receive,155618815027,750,751,0
306,receive,156123854219,751,752,1
307,receive,156626925014,752,758,0
308,receive,157132029907,758,762,2
309,receive,157638582916,762,763,1
310,receive,158142101209,763,764,2
311,receive,158647060120,764,768,1
312,receive,159152076867,768,769,0
313,send2,159658504595,769,770,0
314,receive,160164111945,770,777,0
315,receive,160667268523,777,780,0
316,receive,161173294915,780,783,0
317,receive,161677518238,783,784,0
318,receive,162182308097,784,785,1
319,receive,162687805108,785,786,0
320,receive,163192463814,786,792,0
321,receive,163698718118,792,794,1
322,receive,164204492205,794,795,0
323,internal,164709153806,795,796,0
324,receive,165213709711,796,802,0
325,internal,165717873316,802,803,0
326,receive,166223111196,803,805,0
327,receive,166728498143,805,806,0
328,receive,167233743934,806,808,0
329,send2,167739350155,808,809,0
330,receive,168244683355,809,817,0
331,internal,168748006248,817,818,0
332,internal,169253808934,818,819,0
333,send2,169759341115,819,820,0
334,internal,170266430676,820,821,0
335,receive,170770703653,821,824,1
336,receive,171275686974,824,830,2
337,receive,171778972866,830,831,1
338,receive,172283262463,831,833,1
339,receive,172789273088,833,837,2
340,receive,173295520886,837,839,1
341,receive,173801490626,839,840,0
342,receive,174307451823,840,847,0
343,internal,174814109630,847,848,0
344,receive,175319169676,848,852,0
345,receive,175824178335,852,855,0
346,internal,176329209089,855,856,0
347,receive,176831037720,856,860,1
348,receive,177336011111,860,861,0
349,send2,177839347007,861,862,0
350,send1,178343570191,862,863,0
351,internal,178848653911,863,864,0
352,receive,179354997039,864,873,0
353,receive,179858704106,873,876,0
354,send2,180366282517,876,877,0
355,receive,180871772745,877,879,1
356,receive,181373845362,879,880,0
357,receive,181878846780,880,884,0
358,internal,182383872918,884,885,0
359,internal,182888922593,885,886,0
360,internal,183390490326,886,887,0
361,internal,183897019176,887,888,0
362,internal,184400853850,888,889,0
363,send2,184905962233,889,890,0
364,sendboth,185411255681,890,891,0
365,internal,185916221613,891,892,0
366,receive,186420855525,892,908,0
367,receive,186926022451,908,909,0
368,send1,187430660577,909,910,0
369,receive,187933507013,910,915,0
370,sendboth,188438547658,915,916,0
371,receive,188943660487,916,919,0
372,receive,189449946623,919,922,0
373,send2,189955366284,922,923,0
374,receive,190462122532,923,927,0
375,receive,190967045435,927,928,0
376,receive,191469303126,928,931,1
377,receive,191974255269,931,932,1
378,receive,192478883648,932,933,1
379,receive,192985063674,933,937,1
380,receive,193488944518,937,938,2
381,receive,193995246309,938,941,2
382,receive,194500859785,941,942,1
383,receive,195005163959,942,943,1
384,receive,195509105165,943,948,1
385,receive,196016069878,948,950,1
386,receive,196519811185,950,953,1
387,receive,197024221129,953,956,1
388,receive,197529252092,956,959,0
389,receive,198034294412,959,965,0
390,receive,198540141978,965,966,0
391,receive,199046956119,966,967,1
392,receive,199552904012,967,969,0
393,receive,200058718759,969,972,0
394,receive,200565319455,972,973,1
395,receive,201070346889,973,974,1
396,receive,201577530403,974,979,1
397,receive,202080416464,979,980,0
398,internal,202585451049,980,981,0
399,receive,203087158211,981,988,0
400,receive,203591704147,988,991,0
401,internal,204097012617,991,992,0
402,receive,204600830809,992,993,0
403,receive,205105480423,993,997,0
404,internal,205610198587,997,998,0
405,receive,206115934415,998,1004,0
406,receive,206619973737,1004,1006,0
407,send1,207125287922,1006,1007,0
408,internal,207630945351,1007,1008,0
409,internal,208135088691,1008,1009,0
410,receive,208640191022,1009,1015,0
411,receive,209146959623,1015,1017,1
412,receive,209652993178,1017,1018,0
413,internal,210155253534,1018,1019,0
414,receive,210660292288,1019,1026,0
415,receive,211167072832,1026,1027,0
416,receive,211670569747,1027,1029,1
417,receive,212175422589,1029,1031,0
418,internal,212681044292,1031,1032,0
419,internal,213187251971,1032,1033,0
420,receive,213693030939,1033,1040,0
421,send2,214198985038,1040,1041,0
422,sendboth,214705548655,1041,1042,0
423,internal,215212505639,1042,1043,0
424,internal,215716509364,1043,1044,0
425,receive,216221998332,1044,1052,0
426,internal,216726571509,1052,1053,0
427,receive,217231619838,1053,1057,1
428,receive,217737485718,1057,1058,1
429,receive,218241689518,1058,1059,0
430,internal,218748124839,1059,1060,0
431,receive,219251781753,1060,1068,0
432,send1,219756811447,1068,1069,0
433,internal,220263443342,1069,1070,0
434,internal,220768947366,1070,1071,0
435,receive,221271933226,1071,1076,1
436,receive,221776420595,1076,1077,0
437,sendboth,222283637230,1077,1078,0
438,receive,222788877436,1078,1085,0
439,receive,223290623864,1085,1086,0
440,receive,223797143155,1086,1089,0
441,internal,224302162686,1089,1090,0
442,internal,224807216666,1090,1091,0
443,internal,225313450201,1091,1092,0
444,receive,225817287232,1092,1099,0
445,internal,226322336378,1099,1100,0
446,receive,226827364939,1100,1103,1
447,receive,227332421639,1103,1104,1
448,receive,227837450563,1104,1106,2
449,receive,228342492716,1106,1107,1
450,receive,228847528089,1107,1109,1
451,receive,229352557952,1109,1115,0
452,internal,229857601667,1115,1116,0
453,receive,230363681879,1116,1117,2
454,receive,230867685309,1117,1118,1
455,receive,231374340795,1118,1122,1
456,receive,231877762623,1122,1126,0
457,internal,232382813919,1126,1127,0
458,internal,232887842821,1127,1128,0
459,receive,233392889919,1128,1133,1
460,receive,233897923509,1133,1137,1
461,receive,234404924554,1137,1138,0
462,receive,234909331112,1138,1144,0
463,receive,235415522270,1144,1145,0
464,internal,235918471764,1145,1146,0
465,receive,236420462441,1146,1148,1
466,receive,236923731681,1148,1151,3
467,receive,237428585476,1151,1152,3
468,receive,237933278261,1152,1153,3
469,receive,238437466965,1153,1154,2
470,receive,238942514223,1154,1155,2
471,receive,239447542046,1155,1156,1
472,receive,239953314348,1156,1164,3
473,receive,240457631074,1164,1167,3
474,receive,240963462065,1167,1168,2
475,receive,241469929705,1168,1169,1
476,receive,241973684017,1169,1171,0
477,receive,242477780365,1171,1178,0
478,internal,242982817966,1178,1179,0
479,receive,243487871105,1179,1186,0
480,internal,243993776010,1186,1187,0
481,receive,244500342298,1187,1190,0
482,internal,245003252406,1190,1191,0
483,receive,245508662718,1191,1193,0
484,receive,246015378325,1193,1194,0
485,receive,246519401118,1194,1199,1
486,receive,247023148084,1199,1200,0
487,receive,247530152568,1200,1205,0
488,receive,248033220961,1205,1207,0
489,receive,248538901435,1207,1209,0
490,internal,249044741114,1209,1210,0
491,sendboth,249550832264,1210,1211,0
492,internal,250053379314,1211,1212,0
493,receive,250558452016,1212,1219,0
494,internal,251063448420,1219,1220,0
495,receive,251568583818,1220,1221,0
496,receive,252070360366,1221,1223,0
497,receive,252573232863,1223,1224,1
498,receive,253077797925,1224,1229,1
499,receive,253582902891,1229,1230,1
500,receive,254087887804,1230,1234,0
501,internal,254592915811,1234,1235,0
502,internal,255098000497,1235,1236,0
503,internal,255602997943,1236,1237,0
504,send2,256109542974,1237,1238,0
505,receive,256615244695,1238,1249,2
506,receive,257118298549,1249,1250,2
507,receive,257623329109,1250,1251,1
508,receive,258128218344,1251,1252,1
509,receive,258633238159,1252,1256,1
510,receive,259138279173,1256,1260,0
511,receive,259643317153,1260,1264,0
512,sendboth,260149912431,1264,1265,0
513,receive,260653409923,1265,1270,0
514,receive,261158711332,1270,1272,0
515,internal,261665165172,1272,1273,0
516,receive,262168522927,1273,1275,0
517,receive,262673579431,1275,1278,1
518,receive,263180864645,1278,1280,1
519,receive,263685317620,1280,1281,0
520,receive,264192337915,1281,1283,0
521,receive,264699530318,1283,1289,0
522,receive,265204573732,1289,1291,0
523,internal,265710190180,1291,1292,0
524,receive,266215101781,1292,1295,1
525,receive,266721025153,1295,1296,1
526,receive,267224729370,1296,1298,1
527,receive,267729771354,1298,1302,0
528,receive,268234818769,1302,1305,0
529,receive,268739850218,1305,1308,0
530,receive,269244890996,1308,1311,0
531,internal,269750698746,1311,1312,0
532,receive,270255556747,1312,1317,0
533,send2,270759998624,1317,1318,0
534,send1,271265136146,1318,1319,0
535,sendboth,271771374648,1319,1320,0
536,internal,272275301260,1320,1321,0
537,sendboth,272781322030,1321,1322,0
538,sendboth,273285209369,1322,1323,0
539,internal,273790263473,1323,1324,0
540,internal,274296961253,1324,1325,0
541,internal,274803258241,1325,1326,0
542,send1,275307969644,1326,1327,0
543,send2,275813949719,1327,1328,0
544,receive,276319673039,1328,1346,0
545,receive,276821662333,1346,1347,0
546,receive,277325523824,1347,1350,0
547,receive,277830559124,1350,1352,1
548,receive,278336636252,1352,1354,1
549,receive,278841604993,1354,1355,0
550,internal,279347857041,1355,1356,0
551,receive,279851019372,1356,1361,1
552,receive,280356910928,1361,1363,0
553,receive,280863509355,1363,1364,0
554,receive,281368300336,1364,1369,1
555,receive,281873543330,1369,1370,0
556,send1,282379315590,1370,1371,0
557,internal,282883651914,1371,1372,0
558,receive,283385988870,1372,1380,0
559,sendboth,283891258650,1380,1381,0
560,internal,284396946971,1381,1382,0
561,internal,284902576077,1382,1383,0
562,receive,285409107383,1383,1387,0
563,internal,285915620023,1387,1388,0
564,internal,286422036707,1388,1389,0
565,send1,286927066913,1389,1390,0
566,internal,287432879730,1390,1391,0
567,send1,287938066985,1391,1392,0
568,receive,288442216875,1392,1405,0
569,receive,288948910505,1405,1407,0
570,receive,289452529693,1407,1410,0
571,internal,289958561226,1410,1411,0
572,receive,290464769281,1411,1414,0
573,internal,290969496358,1414,1415,0
574,internal,291472436037,1415,1416,0
575,internal,291977464025,1416,1417,0
576,receive,292482498756,1417,1422,0
577,receive,292988816084,1422,1429,0
578,internal,293492591496,1429,1430,0
579,receive,293999655510,1430,1433,0
580,receive,294507258921,1433,1435,1
581,receive,295013500697,1435,1436,2
582,receive,295518548099,1436,1437,1
583,receive,296023923958,1437,1438,0
584,sendboth,296526579046,1438,1439,0
585,receive,297033676179,1439,1448,0
586,receive,297539129818,1448,1450,1
587,receive,298043734494,1450,1451,1
588,receive,298548816828,1451,1452,1
589,receive,299053829277,1452,1455,0
590,internal,299558861299,1455,1456,0
591,receive,300064631011,1456,1459,1
592,receive,300568936688,1459,1460,0
593,send2,301073974702,1460,1461,0
594,send1,301579331746,1461,1462,0
595,receive,302085905591,1462,1465,1
596,receive,302592737608,1465,1473,2
597,receive,303099948340,1473,1474,2
598,receive,303604999234,1474,1475,1
599,receive,304110020041,1475,1476,1
600,receive,304615056617,1476,1479,1
601,receive,305120151439,1479,1484,1
602,receive,305626488216,1484,1486,0
603,receive,306131939516,1486,1491,0
604,internal,306635264603,1491,1492,0
605,internal,307140256384,1492,1493,0
606,receive,307645298943,1493,1499,0
607,internal,308150844776,1499,1500,0
608,receive,308655376540,1500,1503,0
609,receive,309160597220,1503,1507,0
610,internal,309665861896,1507,1508,0
611,internal,310171254172,1508,1509,0
612,receive,310676872132,1509,1514,0
613,receive,311180661338,1514,1516,0
614,send2,311685607787,1516,1517,0
615,receive,312190644719,1517,1520,0
616,send1,312696951406,1520,1521,0
617,internal,313200836948,1521,1522,0
618,internal,313705752549,1522,1523,0
619,internal,314210794013,1523,1524,0
620,receive,314715842752,1524,1535,0
621,send2,315220564663,1535,1536,0
622,sendboth,315725911934,1536,1537,0
623,receive,316231618227,1537,1541,0
624,internal,316735995820,1541,1542,0
625,internal,317241036516,1542,1543,0
626,receive,317746969521,1543,1547,0
627,receive,318252020722,1547,1548,1
628,receive,318756158754,1548,1549,1
629,receive,319261222586,1549,1550,2
630,receive,319766234823,1550,1551,2
631,receive,320271276809,1551,1552,1
632,receive,320776305279,1552,1553,0
633,internal,321281345275,1553,1554,0
634,internal,321786391657,1554,1555,0
635,receive,322291431553,1555,1572,0
636,internal,322796956500,1572,1573,0
637,internal,323301520303,1573,1574,0
638,receive,323806550566,1574,1579,0
639,send2,324313442018,1579,1580,0
640,sendboth,324817773736,1580,1581,0
641,receive,325327471249,1581,1584,0
642,receive,325833574798,1584,1589,0
643,internal,326339146865,1589,1590,0
644,receive,326842601490,1590,1593,0
645,receive,327348125577,1593,1594,1
646,receive,327853895483,1594,1595,0
647,receive,328357716999,1595,1600,0
648,send1,328864240495,1600,1601,0
649,receive,329369464930,1601,1603,0
650,internal,329872830698,1603,1604,0
651,receive,330377873575,1604,1609,1
652,receive,330883874313,1609,1610,0
653,sendboth,331388387396,1610,1611,0
654,internal,331909629191,1611,1612,0
655,receive,332413447054,1612,1617,1
656,receive,332915425689,1617,1620,0
657,receive,333422054002,1620,1624,0
658,internal,333924161869,1624,1625,0
659,send1,334430397436,1625,1626,0
660,receive,334934358677,1626,1633,0
661,receive,335437975857,1633,1636,0
662,internal,335941577431,1636,1637,0
663,receive,336448302904,1637,1639,0
664,receive,336954126626,1639,1641,0
665,receive,337458126487,1641,1645,0
666,receive,337963496862,1645,1647,0
667,receive,338468064987,1647,1650,0
668,internal,338972623950,1650,1651,0
669,sendboth,339475734263,1651,1652,0
670,internal,339979325286,1652,1653,0
671,receive,340484088495,1653,1656,0
672,receive,340989557749,1656,1662,1
673,receive,341493290581,1662,1663,0
674,sendboth,341999639824,1663,1664,0
675,send2,342502920598,1664,1665,0
676,receive,343009662973,1665,1671,1
677,receive,343514413940,1671,1672,1
678,receive,344016929961,1672,1673,0
679,internal,344520541685,1673,1674,0
680,internal,345025871733,1674,1675,0
681,receive,345528858363,1675,1683,1
682,receive,346033887366,1683,1684,0
683,internal,346539138739,1684,1685,0
684,receive,347044170537,1685,1688,1
685,receive,347549233434,1688,1692,2
686,receive,348057015660,1692,1694,3
687,receive,348565092641,1694,1695,3
688,receive,349070634839,1695,1696,2
689,receive,349575176652,1696,1697,1
690,receive,350080210309,1697,1698,0
691,receive,350585254990,1698,1708,1
692,receive,351090334625,1708,1710,1
693,receive,351596957225,1710,1711,1
694,receive,352101606808,1711,1714,1
695,receive,352607842325,1714,1717,1
696,receive,353113906819,1717,1719,0
697,internal,353621293525,1719,1720,0
698,internal,354126326801,1720,1721,0
699,internal,354632677986,1721,1722,0
700,send2,355139194782,1722,1723,0
701,internal,355645111856,1723,1724,0
702,internal,356150329479,1724,1725,0
703,receive,356657342320,1725,1739,0
704,receive,357163842960,1739,1741,0
705,receive,357668721134,1741,1743,0
706,internal,358173348088,1743,1744,0
707,receive,358679379444,1744,1749,0
708,internal,359183397876,1749,1750,0
709,receive,359689189818,1750,1752,2
710,receive,360195262858,1752,1753,1
711,receive,360701780992,1753,1754,0
712,receive,361208507203,1754,1757,0
713,receive,361714169851,1757,1763,0
714,receive,362219162588,1763,1764,1
715,receive,362723616919,1764,1765,0
716,receive,363228300614,1765,1768,1
717,receive,363733699886,1768,1771,1
718,receive,364238744445,1771,1773,0
719,receive,364743053324,1773,1779,0
720,receive,365249490187,1779,1780,0
721,internal,365758452774,1780,1781,0
722,internal,366264483770,1781,1782,0
723,receive,366770938409,1782,1788,0
724,send2,367273658437,1788,1789,0
725,internal,367776503658,1789,1790,0
726,receive,368283597177,1790,1792,1
727,receive,368789931099,1792,1793,0
728,internal,369291992272,1793,1794,0
729,internal,369796957586,1794,1795,0
730,internal,370304510012,1795,1796,0
731,internal,370809986978,1796,1797,0
732,internal,371315132778,1797,1798,0
733,internal,371820266018,1798,1799,0
734,internal,372323822643,1799,1800,0
735,receive,372830201320,1800,1818,0
736,receive,373335695686,1818,1819,0
737,receive,373841570857,1819,1823,0
738,internal,374346960935,1823,1824,0
739,internal,374851491418,1824,1825,0
740,internal,375356989371,1825,1826,0
741,receive,375863581147,1826,1831,0
742,receive,376367387706,1831,1833,0
743,receive,376870860711,1833,1836,1
744,receive,377375990203,1836,1837,0
745,receive,377880601417,1837,1839,1
746,receive,378385678640,1839,1841,0
747,internal,378891270755,1841,1842,0
748,internal,379397680919,1842,1843,0
749,receive,379904978858,1843,1852,0
750,send2,380413838803,1852,1853,0
751,send2,380916634047,1853,1854,0
752,internal,381421688618,1854,1855,0
753,receive,381927395161,1855,1859,1
754,receive,382432175259,1859,1862,1
755,receive,382936887470,1862,1863,0
756,sendboth,383442280047,1863,1864,0
757,internal,383947515993,1864,1865,0
758,receive,384453223517,1865,1871,0
759,internal,384958963668,1871,1872,0
760,receive,385465927317,1872,1878,0
761,receive,385972849606,1878,1881,1
762,receive,386478588395,1881,1882,1
763,receive,386984476300,1882,1883,0
764,receive,387490044038,1883,1887,1
765,receive,387996575482,1887,1889,0
766,send1,388503835106,1889,1890,0
767,receive,389008874213,1890,1897,0
768,internal,389513921444,1897,1898,0
769,receive,390019786325,1898,1901,0
770,internal,390524011417,1901,1902,0
771,receive,391030033699,1902,1906,0
772,internal,391534082558,1906,1907,0
773,receive,392041529579,1907,1911,1
774,receive,392547747114,1911,1912,1
775,receive,393052609798,1912,1914,0
776,receive,393555768436,1914,1917,0
777,receive,394059391363,1917,1920,1
778,receive,394565993519,1920,1921,2
779,receive,395070054349,1921,1923,1
780,receive,395574383868,1923,1924,2
781,receive,396079975540,1924,1928,2
782,receive,396587567271,1928,1929,3
783,receive,397091744855,1929,1930,4
784,receive,397601455415,1930,1933,4
785,receive,398104464203,1933,1934,4
786,receive,398611887370,1934,1935,4
787,receive,399115683181,1935,1936,4
788,receive,399620512952,1936,1937,3
789,receive,400123367636,1937,1939,3
790,receive,400625199517,1939,1943,3
791,receive,401128871816,1943,1944,3
792,receive,401633835514,1944,1949,3
793,receive,402139895344,1949,1953,4
794,receive,402645047180,1953,1954,3
795,receive,403150857177,1954,1957,3
796,receive,403657983434,1957,1960,2
797,receive,404163473248,1960,1961,2
798,receive,404670240762,1961,1966,2
799,receive,405175945950,1966,1969,2
800,receive,405682078547,1969,1972,4
801,receive,406187307578,1972,1974,4
802,receive,406692988153,1974,1976,3
803,receive,407197183005,1976,1977,4
804,receive,407701299975,1977,1978,4
805,receive,408206933661,1978,1979,4
806,receive,408713469988,1979,1984,4
807,receive,409216255719,1984,1985,4
808,receive,409722223881,1985,1987,3
809,receive,410228232792,1987,1989,3
810,receive,410731373508,1989,1992,2
811,receive,411236419695,1992,1994,2
812,receive,411741458615,1994,1999,2
813,receive,412246983488,1999,2003,3
814,receive,412754818026,2003,2004,2
815,receive,413262372378,2004,2009,2
816,receive,413767413665,2009,2010,2
817,receive,414271740933,2010,2015,1
818,receive,414777502012,2015,2016,1
819,receive,415283267351,2016,2021,0
820,receive,415787571870,2021,2024,1
821,receive,416292625722,2024,2027,1
822,receive,416797674562,2027,2028,1
823,receive,417303990287,2028,2030,1
824,receive,417810205740,2030,2035,0
825,receive,418314265502,2035,2039,0
826,receive,418820779098,2039,2041,0
827,internal,419323753028,2041,2042,0
828,send1,419829634937,2042,2043,0
829,sendboth,420333721966,2043,2044,0
830,receive,420838781903,2044,2052,0
831,receive,421344611174,2052,2053,0
832,internal,421849651669,2053,2054,0
833,receive,422355310462,2054,2055,0
834,receive,422858747972,2055,2057,0
835,receive,423363472775,2057,2063,0
836,receive,423868891986,2063,2066,1
837,receive,424375353288,2066,2067,1
838,receive,424879573513,2067,2069,1
839,receive,425383314980,2069,2070,1
840,receive,425890229307,2070,2074,1
841,receive,426395555437,2074,2076,1
842,receive,426900912986,2076,2077,0
843,receive,427406454088,2077,2084,0
844,internal,427913443536,2084,2085,0
845,receive,428415532152,2085,2088,1
846,receive,428918923396,2088,2089,1
847,receive,429425747590,2089,2090,1
848,receive,429933761967,2090,2092,0
849,send1,430437333776,2092,2093,0
850,receive,430940214340,2093,2101,0
851,send2,431448157513,2101,2102,0
852,internal,431955875144,2102,2103,0
853,receive,432457683365,2103,2108,0
854,receive,432964726743,2108,2110,0
855,receive,433469772614,2110,2112,1
856,receive,433974787512,2112,2113,0
857,receive,434480057612,2113,2116,0
858,receive,434985428546,2116,2117,0
859,send1,435490606970,2117,2118,0
860,internal,435996961907,2118,2119,0
861,receive,436503058422,2119,2122,0
862,receive,437009652337,2122,2129,1
863,receive,437515937870,2129,2130,1
864,receive,438021985776,2130,2132,0
865,receive,438528003295,2132,2134,1
866,receive,439031731325,2134,2138,1
867,receive,439536042484,2138,2140,0
868,receive,440041068892,2140,2144,0
869,receive,440546961959,2144,2146,0
870,receive,441055441764,2146,2149,0
871,internal,441563646522,2149,2150,0
872,sendboth,442067253344,2150,2151,0
873,internal,442574325839,2151,2152,0
874,receive,443080531986,2152,2160,0
875,receive,443588189550,2160,2162,1
876,receive,444092987031,2162,2164,1
877,receive,444599677900,2164,2167,0
878,internal,445105936908,2167,2168,0
879,receive,445612617296,2168,2173,0
880,receive,446118964674,2173,2177,0
881,internal,446624941503,2177,2178,0
882,receive,447127606654,2178,2181,0
883,receive,447634302743,2181,2183,0
884,send2,448140232207,2183,2184,0
885,receive,448646948920,2184,2188,0
886,receive,449152416912,2188,2191,0
887,internal,449654950884,2191,2192,0
888,sendboth,450159267473,2192,2193,0
889,receive,450664319446,2193,2198,0
890,receive,451170303819,2198,2200,1
891,receive,451675258110,2200,2201,0
892,receive,452179428665,2201,2205,0
893,send1,452685451902,2205,2206,0
894,internal,453190420776,2206,2207,0
895,internal,453697061375,2207,2208,0
896,internal,454202917961,2208,2209,0
897,send1,454709746496,2209,2210,0
898,receive,455215483155,2210,2221,0
899,receive,455720515385,2221,2222,0
900,receive,456226301818,2222,2224,0
901,receive,456732285734,2224,2225,0
902,receive,457237472276,2225,2227,1
903,receive,457740990426,2227,2231,0
904,internal,458247117949,2231,2232,0
905,receive,458753167846,2232,2233,0
906,send2,459257415327,2233,2234,0
907,internal,459763442714,2234,2235,0
908,receive,460269685887,2235,2244,0
909,internal,460774705059,2244,2245,0
910,internal,461282400241,2245,2246,0
911,receive,461787471897,2246,2253,0
912,internal,462291805497,2253,2254,0
913,internal,462796951440,2254,2255,0
914,internal,463301556199,2255,2256,0
915,receive,463807046014,2256,2261,0
916,sendboth,464313444130,2261,2262,0
917,receive,464817036100,2262,2268,0
918,receive,465321228186,2268,2270,0
919,send1,465827121819,2270,2271,0
920,internal,466332146300,2271,2272,0
921,receive,466837179650,2272,2276,0
922,receive,467342229318,2276,2278,1
923,receive,467847542604,2278,2280,0
924,internal,468352305202,2280,2281,0
925,receive,468857348277,2281,2286,1
926,receive,469363773031,2286,2287,1
927,receive,469869481196,2287,2289,2
928,receive,470373880290,2289,2291,2
929,receive,470878927758,2291,2292,2
930,receive,471382556723,2292,2293,2
931,receive,471888069565,2293,2297,1
932,receive,472392622334,2297,2298,1
933,receive,472899033805,2298,2304,2
934,receive,473405244275,2304,2306,2
935,receive,473912232811,2306,2307,1
936,receive,474418591294,2307,2308,0
937,internal,474923628353,2308,2309,0
938,internal,475429671714,2309,2310,0
939,receive,475934605198,2310,2320,0
940,receive,476440343128,2320,2322,0
941,internal,476946960714,2322,2323,0
942,receive,477452370538,2323,2328,1
943,receive,477959660356,2328,2329,0
944,receive,478464709124,2329,2333,0
945,internal,478970427319,2333,2334,0
946,receive,479474798666,2334,2336,0
947,send1,479979827307,2336,2337,0
948,receive,480484857927,2337,2343,0
949,send2,480989897072,2343,2344,0
950,internal,481494976996,2344,2345,0
951,internal,482001482939,2345,2346,0
952,receive,482507905363,2346,2352,0
953,send1,483013460422,2352,2353,0
954,internal,483519068242,2353,2354,0
955,receive,484021874822,2354,2357,0
956,receive,484529267084,2357,2363,0
957,receive,485032261398,2363,2366,0
958,internal,485538288322,2366,2367,0
959,send1,486043372308,2367,2368,0
